Date,Province,Confirmed,Recovered,Death,新增确诊,新增治愈,新增死亡,现有确诊,扩散曲线
21/1/20,安徽,1,0,0,0,0,0,1,0
22/1/20,安徽,9,0,0,8,0,0,9,8
23/1/20,安徽,15,0,0,6,0,0,15,0.666666667
24/1/20,安徽,39,0,0,24,0,0,39,1.6
25/1/20,安徽,60,0,0,21,0,0,60,0.538461538
26/1/20,安徽,70,0,0,10,0,0,70,0.166666667
27/1/20,安徽,106,0,0,36,0,0,106,0.514285714
28/1/20,安徽,152,2,0,46,2,0,150,0.433962264
29/1/20,安徽,200,3,0,48,1,0,197,0.32
30/1/20,安徽,237,3,0,37,0,0,234,0.187817259
31/1/20,安徽,297,5,0,60,2,0,292,0.256410256
1/2/20,安徽,340,6,0,43,1,0,334,0.147260274
2/2/20,安徽,408,8,0,68,2,0,400,0.203592814
3/2/20,安徽,480,14,0,72,6,0,466,0.18
4/2/20,安徽,530,20,0,50,6,0,510,0.107296137
5/2/20,安徽,591,23,0,61,3,0,568,0.119607843
6/2/20,安徽,665,47,0,74,24,0,618,0.13028169
7/2/20,安徽,733,59,0,68,12,0,674,0.110032362
8/2/20,安徽,779,72,1,46,13,1,706,0.068249258
9/2/20,安徽,830,89,3,51,17,2,738,0.07223796
10/2/20,安徽,860,108,4,30,19,1,748,0.040650407
11/2/20,安徽,889,128,4,29,20,0,757,0.038770053
12/2/20,安徽,910,166,5,21,38,1,739,0.027741083
13/2/20,安徽,934,196,6,24,30,1,732,0.032476319
14/2/20,安徽,950,232,6,16,36,0,712,0.021857923
15/2/20,安徽,962,266,6,12,34,0,690,0.016853933
16/2/20,安徽,973,293,6,11,27,0,674,0.015942029
17/2/20,安徽,982,361,6,9,68,0,615,0.013353116
18/2/20,安徽,986,424,6,4,63,0,556,0.006504065
19/2/20,安徽,987,500,6,1,76,0,481,0.001798561
20/2/20,安徽,988,567,6,1,67,0,415,0.002079002
21/2/20,安徽,989,620,6,1,53,0,363,0.002409639
22/2/20,安徽,989,648,6,0,28,0,335,0
23/2/20,安徽,989,692,6,0,44,0,291,0
24/2/20,安徽,989,727,6,0,35,0,256,0
25/2/20,安徽,989,764,6,0,37,0,219,0
26/2/20,安徽,989,815,6,0,51,0,168,0
27/2/20,安徽,990,842,6,1,27,0,142,0.005952381
21/1/20,澳门,1,0,0,0,0,0,1,0
22/1/20,澳门,2,0,0,1,0,0,2,1
23/1/20,澳门,2,0,0,0,0,0,2,0
24/1/20,澳门,2,0,0,0,0,0,2,0
25/1/20,澳门,5,0,0,3,0,0,5,1.5
26/1/20,澳门,6,0,0,1,0,0,6,0.2
27/1/20,澳门,7,0,0,1,0,0,7,0.166666667
28/1/20,澳门,7,0,0,0,0,0,7,0
29/1/20,澳门,7,0,0,0,0,0,7,0
30/1/20,澳门,7,0,0,0,0,0,7,0
31/1/20,澳门,7,0,0,0,0,0,7,0
1/2/20,澳门,8,0,0,1,0,0,8,0.142857143
2/2/20,澳门,8,0,0,0,0,0,8,0
3/2/20,澳门,9,0,0,1,0,0,9,0.125
4/2/20,澳门,10,0,0,1,0,0,10,0.111111111
5/2/20,澳门,10,0,0,0,0,0,10,0
6/2/20,澳门,10,1,0,0,1,0,9,0
7/2/20,澳门,10,1,0,0,0,0,9,0
8/2/20,澳门,10,1,0,0,0,0,9,0
9/2/20,澳门,10,1,0,0,0,0,9,0
10/2/20,澳门,10,1,0,0,0,0,9,0
11/2/20,澳门,10,1,0,0,0,0,9,0
12/2/20,澳门,10,2,0,0,1,0,8,0
13/2/20,澳门,10,3,0,0,1,0,7,0
14/2/20,澳门,10,3,0,0,0,0,7,0
15/2/20,澳门,10,3,0,0,0,0,7,0
16/2/20,澳门,10,5,0,0,2,0,5,0
17/2/20,澳门,10,5,0,0,0,0,5,0
18/2/20,澳门,10,5,0,0,0,0,5,0
19/2/20,澳门,10,5,0,0,0,0,5,0
20/2/20,澳门,10,6,0,0,1,0,4,0
21/2/20,澳门,10,6,0,0,0,0,4,0
22/2/20,澳门,10,6,0,0,0,0,4,0
23/2/20,澳门,10,6,0,0,0,0,4,0
24/2/20,澳门,10,6,0,0,0,0,4,0
25/2/20,澳门,10,7,0,0,1,0,3,0
26/2/20,澳门,10,7,0,0,0,0,3,0
27/2/20,澳门,10,8,0,0,1,0,2,0
21/1/20,北京,10,0,0,0,0,0,10,0
22/1/20,北京,22,0,0,12,0,0,22,1.2
23/1/20,北京,36,0,0,14,0,0,36,0.636363636
24/1/20,北京,41,1,0,5,1,0,40,0.138888889
25/1/20,北京,54,1,0,13,0,0,53,0.325
26/1/20,北京,80,1,1,26,0,1,78,0.490566038
27/1/20,北京,91,3,1,11,2,0,87,0.141025641
28/1/20,北京,111,3,1,20,0,0,107,0.229885057
29/1/20,北京,114,4,1,3,1,0,109,0.028037383
30/1/20,北京,139,4,1,25,0,0,134,0.229357798
31/1/20,北京,168,4,1,29,0,0,163,0.21641791
1/2/20,北京,191,8,1,23,4,0,182,0.141104294
2/2/20,北京,212,12,1,21,4,0,199,0.115384615
3/2/20,北京,228,23,1,16,11,0,204,0.08040201
4/2/20,北京,253,24,1,25,1,0,228,0.12254902
5/2/20,北京,274,31,1,21,7,0,242,0.092105263
6/2/20,北京,297,33,1,23,2,0,263,0.095041322
7/2/20,北京,315,34,2,18,1,1,279,0.068441065
8/2/20,北京,326,37,2,11,3,0,287,0.039426523
9/2/20,北京,337,44,2,11,7,0,291,0.038327526
10/2/20,北京,342,48,3,5,4,1,291,0.017182131
11/2/20,北京,352,56,3,10,8,0,293,0.034364261
12/2/20,北京,366,68,3,14,12,0,295,0.04778157
13/2/20,北京,372,79,3,6,11,0,290,0.020338983
14/2/20,北京,375,97,4,3,18,1,274,0.010344828
15/2/20,北京,380,105,4,5,8,0,271,0.018248175
16/2/20,北京,381,114,4,1,9,0,263,0.003690037
17/2/20,北京,387,122,4,6,8,0,261,0.022813688
18/2/20,北京,393,145,4,6,23,0,244,0.022988506
19/2/20,北京,395,153,4,2,8,0,238,0.008196721
20/2/20,北京,396,169,4,1,16,0,223,0.004201681
21/2/20,北京,399,178,4,3,9,0,217,0.013452915
22/2/20,北京,399,189,4,0,11,0,206,0
23/2/20,北京,399,198,4,0,9,0,197,0
24/2/20,北京,400,215,4,1,17,0,181,0.005076142
25/2/20,北京,400,235,4,0,20,0,161,0
26/2/20,北京,410,248,5,10,13,1,157,0.062111801
27/2/20,北京,410,257,7,0,9,2,146,0
21/1/20,福建,1,0,0,0,0,0,1,0
22/1/20,福建,5,0,0,4,0,0,5,4
23/1/20,福建,10,0,0,5,0,0,10,1
24/1/20,福建,18,0,0,8,0,0,18,0.8
25/1/20,福建,18,0,0,0,0,0,18,0
26/1/20,福建,59,0,0,41,0,0,59,2.277777778
27/1/20,福建,80,0,0,21,0,0,80,0.355932203
28/1/20,福建,84,0,0,4,0,0,84,0.05
29/1/20,福建,101,0,0,17,0,0,101,0.202380952
30/1/20,福建,120,0,0,19,0,0,120,0.188118812
31/1/20,福建,144,0,0,24,0,0,144,0.2
1/2/20,福建,159,0,0,15,0,0,159,0.104166667
2/2/20,福建,179,0,0,20,0,0,179,0.125786164
3/2/20,福建,194,1,0,15,1,0,193,0.083798883
4/2/20,福建,205,7,0,11,6,0,198,0.056994819
5/2/20,福建,215,11,0,10,4,0,204,0.050505051
6/2/20,福建,224,15,0,9,4,0,209,0.044117647
7/2/20,福建,239,20,0,15,5,0,219,0.071770335
8/2/20,福建,250,24,0,11,4,0,226,0.050228311
9/2/20,福建,261,35,0,11,11,0,226,0.048672566
10/2/20,福建,267,39,0,6,4,0,228,0.026548673
11/2/20,福建,272,46,0,5,7,0,226,0.021929825
12/2/20,福建,279,54,0,7,8,0,225,0.030973451
13/2/20,福建,281,59,0,2,5,0,222,0.008888889
14/2/20,福建,285,66,0,4,7,0,219,0.018018018
15/2/20,福建,287,77,0,2,11,0,210,0.00913242
16/2/20,福建,290,84,0,3,7,0,206,0.014285714
17/2/20,福建,292,91,0,2,7,0,201,0.009708738
18/2/20,福建,293,96,0,1,5,0,197,0.004975124
19/2/20,福建,293,112,1,0,16,1,180,0
20/2/20,福建,293,134,1,0,22,0,158,0
21/2/20,福建,293,150,1,0,16,0,142,0
22/2/20,福建,293,165,1,0,15,0,127,0
23/2/20,福建,293,174,1,0,9,0,118,0
24/2/20,福建,294,188,1,1,14,0,105,0.008474576
25/2/20,福建,294,205,1,0,17,0,88,0
26/2/20,福建,296,225,1,2,20,0,70,0.022727273
27/2/20,福建,296,232,1,0,7,0,63,0
21/1/20,甘肃,0,0,0,0,0,0,0,0
22/1/20,甘肃,2,0,0,2,0,0,2,0
23/1/20,甘肃,2,0,0,0,0,0,2,0
24/1/20,甘肃,4,0,0,2,0,0,4,1
25/1/20,甘肃,7,0,0,3,0,0,7,0.75
26/1/20,甘肃,14,0,0,7,0,0,14,1
27/1/20,甘肃,19,0,0,5,0,0,19,0.357142857
28/1/20,甘肃,24,0,0,5,0,0,24,0.263157895
29/1/20,甘肃,26,0,0,2,0,0,26,0.083333333
30/1/20,甘肃,29,0,0,3,0,0,29,0.115384615
31/1/20,甘肃,40,0,0,11,0,0,40,0.379310345
1/2/20,甘肃,40,3,0,0,3,0,37,0
2/2/20,甘肃,51,3,0,11,0,0,48,0.297297297
3/2/20,甘肃,55,3,0,4,0,0,52,0.083333333
4/2/20,甘肃,57,4,0,2,1,0,53,0.038461538
5/2/20,甘肃,62,4,0,5,0,0,58,0.094339623
6/2/20,甘肃,67,9,0,5,5,0,58,0.086206897
7/2/20,甘肃,71,9,1,4,0,1,61,0.068965517
8/2/20,甘肃,79,13,1,8,4,0,65,0.131147541
9/2/20,甘肃,83,17,2,4,4,1,64,0.061538462
10/2/20,甘肃,86,21,2,3,4,0,63,0.046875
11/2/20,甘肃,86,24,2,0,3,0,60,0
12/2/20,甘肃,87,31,2,1,7,0,54,0.016666667
13/2/20,甘肃,90,39,2,3,8,0,49,0.055555556
14/2/20,甘肃,90,44,2,0,5,0,44,0
15/2/20,甘肃,90,49,2,0,5,0,39,0
16/2/20,甘肃,90,54,2,0,5,0,34,0
17/2/20,甘肃,91,58,2,1,4,0,31,0.029411765
18/2/20,甘肃,91,62,2,0,4,0,27,0
19/2/20,甘肃,91,65,2,0,3,0,24,0
20/2/20,甘肃,91,71,2,0,6,0,18,0
21/2/20,甘肃,91,76,2,0,5,0,13,0
22/2/20,甘肃,91,76,2,0,0,0,13,0
23/2/20,甘肃,91,78,2,0,2,0,11,0
24/2/20,甘肃,91,80,2,0,2,0,9,0
25/2/20,甘肃,91,80,2,0,0,0,9,0
26/2/20,甘肃,91,81,2,0,1,0,8,0
27/2/20,甘肃,91,82,2,0,1,0,7,0
21/1/20,广东,26,0,0,0,0,0,26,0
22/1/20,广东,32,2,0,6,2,0,30,0.230769231
23/1/20,广东,53,2,0,21,0,0,51,0.7
24/1/20,广东,78,2,0,25,0,0,76,0.490196078
25/1/20,广东,98,2,0,20,0,0,96,0.263157895
26/1/20,广东,151,3,0,53,1,0,148,0.552083333
27/1/20,广东,207,4,0,56,1,0,203,0.378378378
28/1/20,广东,277,6,0,70,2,0,271,0.344827586
29/1/20,广东,354,10,0,77,4,0,344,0.284132841
30/1/20,广东,436,11,0,82,1,0,425,0.238372093
31/1/20,广东,535,11,0,99,0,0,524,0.232941176
1/2/20,广东,632,13,0,97,2,0,619,0.185114504
2/2/20,广东,725,19,0,93,6,0,706,0.150242326
3/2/20,广东,797,20,0,72,1,0,777,0.101983003
4/2/20,广东,870,32,0,73,12,0,838,0.093951094
5/2/20,广东,944,49,0,74,17,0,895,0.088305489
6/2/20,广东,1034,88,1,90,39,1,945,0.100558659
7/2/20,广东,1075,97,1,41,9,0,977,0.043386243
8/2/20,广东,1120,127,1,45,30,0,992,0.046059365
9/2/20,广东,1159,163,1,39,36,0,995,0.039314516
10/2/20,广东,1177,181,1,18,18,0,995,0.018090452
11/2/20,广东,1219,241,1,42,60,0,977,0.042211055
12/2/20,广东,1241,284,2,22,43,1,955,0.022517912
13/2/20,广东,1261,332,2,20,48,0,927,0.020942408
14/2/20,广东,1294,386,2,33,54,0,906,0.035598706
15/2/20,广东,1316,436,2,22,50,0,878,0.024282561
16/2/20,广东,1322,473,4,6,37,2,845,0.006833713
17/2/20,广东,1328,530,4,6,57,0,794,0.007100592
18/2/20,广东,1331,571,5,3,41,1,755,0.003778338
19/2/20,广东,1332,619,5,1,48,0,708,0.001324503
20/2/20,广东,1333,664,5,1,45,0,664,0.001412429
21/2/20,广东,1339,720,5,6,56,0,614,0.009036145
22/2/20,广东,1342,740,6,3,20,1,596,0.004885993
23/2/20,广东,1345,772,6,3,32,0,567,0.005033557
24/2/20,广东,1347,805,7,2,33,1,535,0.003527337
25/2/20,广东,1347,841,7,0,36,0,499,0
26/2/20,广东,1347,873,7,0,32,0,467,0
27/2/20,广东,1348,919,7,1,46,0,422,0.002141328
21/1/20,广西,2,0,0,0,0,0,2,0
22/1/20,广西,5,0,0,3,0,0,5,1.5
23/1/20,广西,13,0,0,8,0,0,13,1.6
24/1/20,广西,23,0,0,10,0,0,23,0.769230769
25/1/20,广西,33,0,0,10,0,0,33,0.434782609
26/1/20,广西,46,0,0,13,0,0,46,0.393939394
27/1/20,广西,51,2,0,5,2,0,49,0.108695652
28/1/20,广西,58,2,0,7,0,0,56,0.142857143
29/1/20,广西,78,2,0,20,0,0,76,0.357142857
30/1/20,广西,87,2,0,9,0,0,85,0.118421053
31/1/20,广西,100,2,0,13,0,0,98,0.152941176
1/2/20,广西,111,2,0,11,0,0,109,0.112244898
2/2/20,广西,127,7,0,16,5,0,120,0.146788991
3/2/20,广西,139,7,0,12,0,0,132,0.1
4/2/20,广西,150,10,0,11,3,0,140,0.083333333
5/2/20,广西,168,14,0,18,4,0,154,0.128571429
6/2/20,广西,172,17,0,4,3,0,155,0.025974026
7/2/20,广西,183,17,0,11,0,0,166,0.070967742
8/2/20,广西,195,18,1,12,1,1,176,0.072289157
9/2/20,广西,210,18,1,15,0,0,191,0.085227273
10/2/20,广西,215,30,1,5,12,0,184,0.02617801
11/2/20,广西,222,31,1,7,1,0,190,0.038043478
12/2/20,广西,222,33,2,0,2,1,187,0
13/2/20,广西,226,35,2,4,2,0,189,0.021390374
14/2/20,广西,235,40,2,9,5,0,193,0.047619048
15/2/20,广西,237,46,2,2,6,0,189,0.010362694
16/2/20,广西,238,51,2,1,5,0,185,0.005291005
17/2/20,广西,242,58,2,4,7,0,182,0.021621622
18/2/20,广西,244,76,2,2,18,0,166,0.010989011
19/2/20,广西,245,87,2,1,11,0,156,0.006024096
20/2/20,广西,246,95,2,1,8,0,149,0.006410256
21/2/20,广西,249,99,2,3,4,0,148,0.020134228
22/2/20,广西,249,104,2,0,5,0,143,0
23/2/20,广西,251,107,2,2,3,0,142,0.013986014
24/2/20,广西,252,129,2,1,22,0,121,0.007042254
25/2/20,广西,252,138,2,0,9,0,112,0
26/2/20,广西,252,159,2,0,21,0,91,0
27/2/20,广西,252,166,2,0,7,0,84,0
21/1/20,贵州,1,0,0,0,0,0,1,0
22/1/20,贵州,3,0,0,2,0,0,3,2
23/1/20,贵州,3,0,0,0,0,0,3,0
24/1/20,贵州,4,0,0,1,0,0,4,0.333333333
25/1/20,贵州,5,0,0,1,0,0,5,0.25
26/1/20,贵州,7,0,0,2,0,0,7,0.4
27/1/20,贵州,9,0,0,2,0,0,9,0.285714286
28/1/20,贵州,9,1,0,0,1,0,8,0
29/1/20,贵州,12,1,0,3,0,0,11,0.375
30/1/20,贵州,29,2,0,17,1,0,27,1.545454545
31/1/20,贵州,29,2,0,0,0,0,27,0
1/2/20,贵州,38,2,0,9,0,0,36,0.333333333
2/2/20,贵州,46,2,0,8,0,0,44,0.222222222
3/2/20,贵州,56,2,0,10,0,0,54,0.227272727
4/2/20,贵州,64,5,0,8,3,0,59,0.148148148
5/2/20,贵州,69,6,1,5,1,1,62,0.084745763
6/2/20,贵州,83,6,1,14,0,0,76,0.225806452
7/2/20,贵州,89,6,1,6,0,0,82,0.078947368
8/2/20,贵州,96,7,1,7,1,0,88,0.085365854
9/2/20,贵州,109,7,1,13,0,0,101,0.147727273
10/2/20,贵州,127,13,1,18,6,0,113,0.178217822
11/2/20,贵州,131,17,1,4,4,0,113,0.03539823
12/2/20,贵州,135,20,1,4,3,0,114,0.03539823
13/2/20,贵州,140,28,1,5,8,0,111,0.043859649
14/2/20,贵州,143,33,1,3,5,0,109,0.027027027
15/2/20,贵州,144,37,1,1,4,0,106,0.009174312
16/2/20,贵州,146,47,1,2,10,0,98,0.018867925
17/2/20,贵州,146,66,1,0,19,0,79,0
18/2/20,贵州,146,69,2,0,3,1,75,0
19/2/20,贵州,146,71,2,0,2,0,73,0
20/2/20,贵州,146,76,2,0,5,0,68,0
21/2/20,贵州,146,90,2,0,14,0,54,0
22/2/20,贵州,146,91,2,0,1,0,53,0
23/2/20,贵州,146,102,2,0,11,0,42,0
24/2/20,贵州,146,103,2,0,1,0,41,0
25/2/20,贵州,146,104,2,0,1,0,40,0
26/2/20,贵州,146,112,2,0,8,0,32,0
27/2/20,贵州,146,112,2,0,0,0,32,0
21/1/20,海南,4,0,0,0,0,0,4,0
22/1/20,海南,5,0,0,1,0,0,5,0.25
23/1/20,海南,8,0,0,3,0,0,8,0.6
24/1/20,海南,19,0,0,11,0,0,19,1.375
25/1/20,海南,22,0,0,3,0,0,22,0.157894737
26/1/20,海南,33,0,1,11,0,1,32,0.5
27/1/20,海南,40,0,1,7,0,0,39,0.21875
28/1/20,海南,43,1,1,3,1,0,41,0.076923077
29/1/20,海南,46,1,1,3,0,0,44,0.073170732
30/1/20,海南,52,1,1,6,0,0,50,0.136363636
31/1/20,海南,62,1,1,10,0,0,60,0.2
1/2/20,海南,64,4,1,2,3,0,59,0.033333333
2/2/20,海南,71,4,1,7,0,0,66,0.118644068
3/2/20,海南,79,4,1,8,0,0,74,0.121212121
4/2/20,海南,80,5,1,1,1,0,74,0.013513514
5/2/20,海南,105,5,1,25,0,0,99,0.337837838
6/2/20,海南,117,10,2,12,5,1,105,0.121212121
7/2/20,海南,124,11,2,7,1,0,111,0.066666667
8/2/20,海南,128,15,3,4,4,1,110,0.036036036
9/2/20,海南,138,19,3,10,4,0,116,0.090909091
10/2/20,海南,142,19,3,4,0,0,120,0.034482759
11/2/20,海南,151,20,3,9,1,0,128,0.075
12/2/20,海南,157,27,4,6,7,1,126,0.046875
13/2/20,海南,158,30,4,1,3,0,124,0.007936508
14/2/20,海南,162,38,4,4,8,0,120,0.032258065
15/2/20,海南,162,39,4,0,1,0,119,0
16/2/20,海南,162,52,4,0,13,0,106,0
17/2/20,海南,163,59,4,1,7,0,100,0.009433962
18/2/20,海南,163,79,4,0,20,0,80,0
19/2/20,海南,168,84,4,5,5,0,80,0.0625
20/2/20,海南,168,89,4,0,5,0,75,0
21/2/20,海南,168,96,4,0,7,0,68,0
22/2/20,海南,168,104,4,0,8,0,60,0
23/2/20,海南,168,106,5,0,2,1,57,0
24/2/20,海南,168,116,5,0,10,0,47,0
25/2/20,海南,168,124,5,0,8,0,39,0
26/2/20,海南,168,129,5,0,5,0,34,0
27/2/20,海南,168,132,5,0,3,0,31,0
21/1/20,河北,1,0,0,0,0,0,1,0
22/1/20,河北,1,0,0,0,0,0,1,0
23/1/20,河北,2,0,1,1,0,1,1,1
24/1/20,河北,8,0,1,6,0,0,7,6
25/1/20,河北,13,0,1,5,0,0,12,0.714285714
26/1/20,河北,18,0,1,5,0,0,17,0.416666667
27/1/20,河北,33,0,1,15,0,0,32,0.882352941
28/1/20,河北,48,0,1,15,0,0,47,0.46875
29/1/20,河北,65,0,1,17,0,0,64,0.361702128
30/1/20,河北,82,0,1,17,0,0,81,0.265625
31/1/20,河北,96,0,1,14,0,0,95,0.172839506
1/2/20,河北,104,3,1,8,3,0,100,0.084210526
2/2/20,河北,113,3,1,9,0,0,109,0.09
3/2/20,河北,126,3,1,13,0,0,122,0.119266055
4/2/20,河北,135,4,1,9,1,0,130,0.073770492
5/2/20,河北,157,7,1,22,3,0,149,0.169230769
6/2/20,河北,172,16,1,15,9,0,155,0.100671141
7/2/20,河北,195,25,1,23,9,0,169,0.148387097
8/2/20,河北,206,30,2,11,5,1,174,0.065088757
9/2/20,河北,218,35,2,12,5,0,181,0.068965517
10/2/20,河北,239,41,2,21,6,0,196,0.116022099
11/2/20,河北,251,48,2,12,7,0,201,0.06122449
12/2/20,河北,265,54,3,14,6,1,208,0.069651741
13/2/20,河北,283,69,3,18,15,0,211,0.086538462
14/2/20,河北,291,86,3,8,17,0,202,0.037914692
15/2/20,河北,300,100,3,9,14,0,197,0.044554455
16/2/20,河北,301,109,3,1,9,0,189,0.005076142
17/2/20,河北,302,123,4,1,14,1,175,0.005291005
18/2/20,河北,306,136,4,4,13,0,166,0.022857143
19/2/20,河北,307,152,5,1,16,1,150,0.006024096
20/2/20,河北,308,170,5,1,18,0,133,0.006666667
21/2/20,河北,309,184,6,1,14,1,119,0.007518797
22/2/20,河北,311,204,6,2,20,0,101,0.016806723
23/2/20,河北,311,221,6,0,17,0,84,0
24/2/20,河北,311,241,6,0,20,0,64,0
25/2/20,河北,312,248,6,1,7,0,58,0.015625
26/2/20,河北,317,261,6,5,13,0,50,0.086206897
27/2/20,河北,318,274,6,1,13,0,38,0.02
21/1/20,河南,5,0,0,0,0,0,5,0
22/1/20,河南,5,0,0,0,0,0,5,0
23/1/20,河南,9,0,0,4,0,0,9,0.8
24/1/20,河南,32,0,0,23,0,0,32,2.555555556
25/1/20,河南,83,0,1,51,0,1,82,1.59375
26/1/20,河南,128,0,1,45,0,0,127,0.548780488
27/1/20,河南,168,0,1,40,0,0,167,0.31496063
28/1/20,河南,206,0,2,38,0,1,204,0.22754491
29/1/20,河南,278,2,2,72,2,0,274,0.352941176
30/1/20,河南,352,3,2,74,1,0,347,0.270072993
31/1/20,河南,422,3,2,70,0,0,417,0.201729107
1/2/20,河南,493,12,2,71,9,0,479,0.170263789
2/2/20,河南,566,15,2,73,3,0,549,0.152400835
3/2/20,河南,675,20,2,109,5,0,653,0.198542805
4/2/20,河南,764,41,2,89,21,0,721,0.136294028
5/2/20,河南,851,49,2,87,8,0,800,0.120665742
6/2/20,河南,914,84,3,63,35,1,827,0.07875
7/2/20,河南,981,97,4,67,13,1,880,0.081015719
8/2/20,河南,1033,131,6,52,34,2,896,0.059090909
9/2/20,河南,1073,181,6,40,50,0,886,0.044642857
10/2/20,河南,1105,198,7,32,17,1,900,0.036117381
11/2/20,河南,1135,231,8,30,33,1,896,0.033333333
12/2/20,河南,1169,258,10,34,27,2,901,0.037946429
13/2/20,河南,1184,313,11,15,55,1,860,0.016648169
14/2/20,河南,1212,356,13,28,43,2,843,0.03255814
15/2/20,河南,1231,397,13,19,41,0,821,0.022538553
16/2/20,河南,1246,438,16,15,41,3,792,0.018270402
17/2/20,河南,1257,505,19,11,67,3,733,0.013888889
18/2/20,河南,1262,552,19,5,47,0,691,0.006821282
19/2/20,河南,1265,614,19,3,62,0,632,0.004341534
20/2/20,河南,1267,717,19,2,103,0,531,0.003164557
21/2/20,河南,1270,802,19,3,85,0,449,0.005649718
22/2/20,河南,1271,861,19,1,59,0,391,0.002227171
23/2/20,河南,1271,930,19,0,69,0,322,0
24/2/20,河南,1271,989,19,0,59,0,263,0
25/2/20,河南,1271,1023,19,0,34,0,229,0
26/2/20,河南,1272,1062,20,1,39,1,190,0.004366812
27/2/20,河南,1272,1103,20,0,41,0,149,0
21/1/20,黑龙江,0,0,0,0,0,0,0,0
22/1/20,黑龙江,2,0,0,2,0,0,2,0
23/1/20,黑龙江,4,0,1,2,0,1,3,1
24/1/20,黑龙江,9,0,1,5,0,0,8,1.666666667
25/1/20,黑龙江,15,0,1,6,0,0,14,0.75
26/1/20,黑龙江,21,0,1,6,0,0,20,0.428571429
27/1/20,黑龙江,30,0,1,9,0,0,29,0.45
28/1/20,黑龙江,38,0,1,8,0,0,37,0.275862069
29/1/20,黑龙江,44,0,2,6,0,1,42,0.162162162
30/1/20,黑龙江,59,0,2,15,0,0,57,0.357142857
31/1/20,黑龙江,80,0,2,21,0,0,78,0.368421053
1/2/20,黑龙江,95,2,2,15,2,0,91,0.192307692
2/2/20,黑龙江,121,2,2,26,0,0,117,0.285714286
3/2/20,黑龙江,155,2,2,34,0,0,151,0.290598291
4/2/20,黑龙江,190,4,2,35,2,0,184,0.231788079
5/2/20,黑龙江,227,7,3,37,3,1,217,0.201086957
6/2/20,黑龙江,277,12,3,50,5,0,262,0.230414747
7/2/20,黑龙江,295,12,5,18,0,2,278,0.06870229
8/2/20,黑龙江,307,14,6,12,2,1,287,0.043165468
9/2/20,黑龙江,331,15,7,24,1,1,309,0.083623693
10/2/20,黑龙江,360,27,8,29,12,1,325,0.093851133
11/2/20,黑龙江,378,28,8,18,1,0,342,0.055384615
12/2/20,黑龙江,395,31,9,17,3,1,355,0.049707602
13/2/20,黑龙江,418,37,11,23,6,2,370,0.064788732
14/2/20,黑龙江,425,48,11,7,11,0,366,0.018918919
15/2/20,黑龙江,445,70,11,20,22,0,364,0.054644809
16/2/20,黑龙江,457,80,11,12,10,0,366,0.032967033
17/2/20,黑龙江,464,85,11,7,5,0,368,0.019125683
18/2/20,黑龙江,470,108,12,6,23,1,350,0.016304348
19/2/20,黑龙江,476,123,12,6,15,0,341,0.017142857
20/2/20,黑龙江,479,141,12,3,18,0,326,0.008797654
21/2/20,黑龙江,479,183,12,0,42,0,284,0
22/2/20,黑龙江,480,215,12,1,32,0,253,0.003521127
23/2/20,黑龙江,480,224,12,0,9,0,244,0
24/2/20,黑龙江,480,232,12,0,8,0,236,0
25/2/20,黑龙江,480,245,12,0,13,0,223,0
26/2/20,黑龙江,480,262,13,0,17,1,205,0
27/2/20,黑龙江,480,280,13,0,18,0,187,0
21/1/20,湖北,444,0,17,0,0,0,427,0
22/1/20,湖北,444,28,17,0,28,0,399,0
23/1/20,湖北,529,31,24,85,3,7,474,0.213032581
24/1/20,湖北,730,32,39,201,1,15,659,0.424050633
25/1/20,湖北,1052,42,52,322,10,13,958,0.48861912
26/1/20,湖北,1423,44,76,371,2,24,1303,0.387265136
27/1/20,湖北,2714,47,100,1291,3,24,2567,0.990790483
28/1/20,湖北,3554,80,125,840,33,25,3349,0.32723023
29/1/20,湖北,4903,90,162,1349,10,37,4651,0.402806808
30/1/20,湖北,5806,116,204,903,26,42,5486,0.194151795
31/1/20,湖北,7153,166,249,1347,50,45,6738,0.245534087
1/2/20,湖北,9074,215,294,1921,49,45,8565,0.285099436
2/2/20,湖北,11177,297,350,2103,82,56,10530,0.245534151
3/2/20,湖北,13522,396,414,2345,99,64,12712,0.222697056
4/2/20,湖北,16678,520,479,3156,124,65,15679,0.248269352
5/2/20,湖北,19665,633,549,2987,113,70,18483,0.190509599
6/2/20,湖北,22112,817,618,2447,184,69,20677,0.132391928
7/2/20,湖北,24953,1115,699,2841,298,81,23139,0.137399042
8/2/20,湖北,27100,1439,780,2147,324,81,24881,0.092787069
9/2/20,湖北,29631,1795,871,2531,356,91,26965,0.101724207
10/2/20,湖北,31728,2222,974,2097,427,103,28532,0.077767476
11/2/20,湖北,33366,2639,1068,1638,417,94,29659,0.057409225
12/2/20,湖北,47163,3172,1202,13797,533,134,42789,0.465187633
13/2/20,湖北,51986,3862,1318,4823,690,116,46806,0.112715885
14/2/20,湖北,54406,4774,1457,2420,912,139,48175,0.051702773
15/2/20,湖北,56249,5623,1596,1843,849,139,49030,0.038256357
16/2/20,湖北,58182,6639,1696,1933,1016,100,49847,0.039424842
17/2/20,湖北,59989,7862,1789,1807,1223,93,50338,0.036250928
18/2/20,湖北,61682,9128,1921,1693,1266,132,50633,0.033632643
19/2/20,湖北,62457,10337,2029,775,1209,108,50091,0.015306223
20/2/20,湖北,63088,11788,2144,631,1451,115,49156,0.012597073
21/2/20,湖北,63454,13557,2250,366,1769,106,47647,0.007445683
22/2/20,湖北,63889,15299,2346,435,1742,96,46244,0.009129641
23/2/20,湖北,64287,16738,2495,398,1439,149,45054,0.008606522
24/2/20,湖北,64786,18854,2563,499,2116,68,43369,0.011075598
25/2/20,湖北,65187,20912,2615,401,2058,52,41660,0.009246236
26/2/20,湖北,65596,23200,2641,409,2288,26,39755,0.009817571
27/2/20,湖北,65914,26403,2682,318,3203,41,36829,0.007998994
21/1/20,湖南,4,0,0,0,0,0,4,0
22/1/20,湖南,9,0,0,5,0,0,9,1.25
23/1/20,湖南,24,0,0,15,0,0,24,1.666666667
24/1/20,湖南,43,0,0,19,0,0,43,0.791666667
25/1/20,湖南,69,0,0,26,0,0,69,0.604651163
26/1/20,湖南,100,0,0,31,0,0,100,0.449275362
27/1/20,湖南,143,0,0,43,0,0,143,0.43
28/1/20,湖南,221,0,0,78,0,0,221,0.545454545
29/1/20,湖南,277,2,0,56,2,0,275,0.253393665
30/1/20,湖南,332,2,0,55,0,0,330,0.2
31/1/20,湖南,389,5,0,57,3,0,384,0.172727273
1/2/20,湖南,463,12,0,74,7,0,451,0.192708333
2/2/20,湖南,521,21,0,58,9,0,500,0.128603104
3/2/20,湖南,593,22,0,72,1,0,571,0.144
4/2/20,湖南,661,35,0,68,13,0,626,0.119089317
5/2/20,湖南,711,56,0,50,21,0,655,0.079872204
6/2/20,湖南,772,112,0,61,56,0,660,0.093129771
7/2/20,湖南,803,119,0,31,7,0,684,0.046969697
8/2/20,湖南,838,159,1,35,40,1,678,0.051169591
9/2/20,湖南,879,204,1,41,45,0,674,0.060471976
10/2/20,湖南,912,213,1,33,9,0,698,0.048961424
11/2/20,湖南,946,263,2,34,50,1,681,0.048710602
12/2/20,湖南,968,312,2,22,49,0,654,0.032305433
13/2/20,湖南,988,352,2,20,40,0,634,0.03058104
14/2/20,湖南,1001,389,2,13,37,0,610,0.020504732
15/2/20,湖南,1004,430,3,3,41,1,571,0.004918033
16/2/20,湖南,1006,467,3,2,37,0,536,0.003502627
17/2/20,湖南,1007,501,4,1,34,1,502,0.001865672
18/2/20,湖南,1008,542,4,1,41,0,462,0.001992032
19/2/20,湖南,1010,578,4,2,36,0,428,0.004329004
20/2/20,湖南,1011,638,4,1,60,0,369,0.002336449
21/2/20,湖南,1013,670,4,2,32,0,339,0.005420054
22/2/20,湖南,1016,704,4,3,34,0,308,0.008849558
23/2/20,湖南,1016,721,4,0,17,0,291,0
24/2/20,湖南,1016,751,4,0,30,0,261,0
25/2/20,湖南,1016,779,4,0,28,0,233,0
26/2/20,湖南,1017,793,4,1,14,0,220,0.004291845
27/2/20,湖南,1017,820,4,0,27,0,193,0
21/1/20,吉林,0,0,0,0,0,0,0,0
22/1/20,吉林,1,0,0,1,0,0,1,0
23/1/20,吉林,3,0,0,2,0,0,3,2
24/1/20,吉林,4,0,0,1,0,0,4,0.333333333
25/1/20,吉林,4,0,0,0,0,0,4,0
26/1/20,吉林,6,0,0,2,0,0,6,0.5
27/1/20,吉林,8,0,0,2,0,0,8,0.333333333
28/1/20,吉林,9,0,0,1,0,0,9,0.125
29/1/20,吉林,14,1,0,5,1,0,13,0.555555556
30/1/20,吉林,14,1,0,0,0,0,13,0
31/1/20,吉林,17,1,0,3,0,0,16,0.230769231
1/2/20,吉林,23,1,0,6,0,0,22,0.375
2/2/20,吉林,31,1,0,8,0,0,30,0.363636364
3/2/20,吉林,42,1,0,11,0,0,41,0.366666667
4/2/20,吉林,54,1,0,12,0,0,53,0.292682927
5/2/20,吉林,59,2,0,5,1,0,57,0.094339623
6/2/20,吉林,65,4,1,6,2,1,60,0.105263158
7/2/20,吉林,69,4,1,4,0,0,64,0.066666667
8/2/20,吉林,78,5,1,9,1,0,72,0.140625
9/2/20,吉林,80,12,1,2,7,0,67,0.027777778
10/2/20,吉林,81,13,1,1,1,0,67,0.014925373
11/2/20,吉林,83,18,1,2,5,0,64,0.029850746
12/2/20,吉林,84,22,1,1,4,0,61,0.015625
13/2/20,吉林,86,25,1,2,3,0,60,0.032786885
14/2/20,吉林,88,25,1,2,0,0,62,0.033333333
15/2/20,吉林,89,28,1,1,3,0,60,0.016129032
16/2/20,吉林,89,30,1,0,2,0,58,0
17/2/20,吉林,89,34,1,0,4,0,54,0
18/2/20,吉林,90,36,1,1,2,0,53,0.018518519
19/2/20,吉林,91,40,1,1,4,0,50,0.018867925
20/2/20,吉林,91,44,1,0,4,0,46,0
21/2/20,吉林,91,46,1,0,2,0,44,0
22/2/20,吉林,91,52,1,0,6,0,38,0
23/2/20,吉林,93,54,1,2,2,0,38,0.052631579
24/2/20,吉林,93,60,1,0,6,0,32,0
25/2/20,吉林,93,63,1,0,3,0,29,0
26/2/20,吉林,93,65,1,0,2,0,27,0
27/2/20,吉林,93,68,1,0,3,0,24,0
21/1/20,江苏,0,0,0,0,0,0,0,0
22/1/20,江苏,5,0,0,5,0,0,5,0
23/1/20,江苏,9,0,0,4,0,0,9,0.8
24/1/20,江苏,18,1,0,9,1,0,17,1
25/1/20,江苏,31,1,0,13,0,0,30,0.764705882
26/1/20,江苏,47,1,0,16,0,0,46,0.533333333
27/1/20,江苏,70,1,0,23,0,0,69,0.5
28/1/20,江苏,99,1,0,29,0,0,98,0.420289855
29/1/20,江苏,129,1,0,30,0,0,128,0.306122449
30/1/20,江苏,168,5,0,39,4,0,163,0.3046875
31/1/20,江苏,202,6,0,34,1,0,196,0.208588957
1/2/20,江苏,236,7,0,34,1,0,229,0.173469388
2/2/20,江苏,271,7,0,35,0,0,264,0.152838428
3/2/20,江苏,308,8,0,37,1,0,300,0.140151515
4/2/20,江苏,341,13,0,33,5,0,328,0.11
5/2/20,江苏,373,26,0,32,13,0,347,0.097560976
6/2/20,江苏,408,43,0,35,17,0,365,0.100864553
7/2/20,江苏,439,43,0,31,0,0,396,0.084931507
8/2/20,江苏,468,70,0,29,27,0,398,0.073232323
9/2/20,江苏,492,80,0,24,10,0,412,0.060301508
10/2/20,江苏,515,84,0,23,4,0,431,0.055825243
11/2/20,江苏,543,94,0,28,10,0,449,0.064965197
12/2/20,江苏,570,131,0,27,37,0,439,0.06013363
13/2/20,江苏,593,137,0,23,6,0,456,0.0523918
14/2/20,江苏,604,160,0,11,23,0,444,0.024122807
15/2/20,江苏,617,190,0,13,30,0,427,0.029279279
16/2/20,江苏,626,226,0,9,36,0,400,0.021077283
17/2/20,江苏,629,263,0,3,37,0,366,0.0075
18/2/20,江苏,631,296,0,2,33,0,335,0.005464481
19/2/20,江苏,631,325,0,0,29,0,306,0
20/2/20,江苏,631,352,0,0,27,0,279,0
21/2/20,江苏,631,387,0,0,35,0,244,0
22/2/20,江苏,631,411,0,0,24,0,220,0
23/2/20,江苏,631,427,0,0,16,0,204,0
24/2/20,江苏,631,458,0,0,31,0,173,0
25/2/20,江苏,631,463,0,0,5,0,168,0
26/2/20,江苏,631,494,0,0,31,0,137,0
27/2/20,江苏,631,506,0,0,12,0,125,0
21/1/20,江西,2,0,0,0,0,0,2,0
22/1/20,江西,3,0,0,1,0,0,3,0.5
23/1/20,江西,7,0,0,4,0,0,7,1.333333333
24/1/20,江西,18,0,0,11,0,0,18,1.571428571
25/1/20,江西,36,0,0,18,0,0,36,1
26/1/20,江西,48,0,0,12,0,0,48,0.333333333
27/1/20,江西,72,3,0,24,3,0,69,0.5
28/1/20,江西,109,3,0,37,0,0,106,0.536231884
29/1/20,江西,162,3,0,53,0,0,159,0.5
30/1/20,江西,240,6,0,78,3,0,234,0.490566038
31/1/20,江西,286,8,0,46,2,0,278,0.196581197
1/2/20,江西,333,9,0,47,1,0,324,0.169064748
2/2/20,江西,391,18,0,58,9,0,373,0.179012346
3/2/20,江西,476,19,0,85,1,0,457,0.227882038
4/2/20,江西,548,27,0,72,8,0,521,0.157549234
5/2/20,江西,600,37,0,52,10,0,563,0.099808061
6/2/20,江西,661,45,0,61,8,0,616,0.108348135
7/2/20,江西,698,55,0,37,10,0,643,0.060064935
8/2/20,江西,740,72,0,42,17,0,668,0.065318818
9/2/20,江西,771,102,1,31,30,1,668,0.046407186
10/2/20,江西,804,127,1,33,25,0,676,0.049401198
11/2/20,江西,844,152,1,40,25,0,691,0.059171598
12/2/20,江西,872,170,1,28,18,0,701,0.040520984
13/2/20,江西,900,187,1,28,17,0,712,0.039942939
14/2/20,江西,913,210,1,13,23,0,702,0.018258427
15/2/20,江西,925,239,1,12,29,0,685,0.017094017
16/2/20,江西,930,275,1,5,36,0,654,0.00729927
17/2/20,江西,933,310,1,3,35,0,622,0.004587156
18/2/20,江西,933,362,1,0,52,0,570,0
19/2/20,江西,934,432,1,1,70,0,501,0.001754386
20/2/20,江西,934,489,1,0,57,0,444,0
21/2/20,江西,934,544,1,0,55,0,389,0
22/2/20,江西,934,611,1,0,67,0,322,0
23/2/20,江西,934,645,1,0,34,0,288,0
24/2/20,江西,934,682,1,0,37,0,251,0
25/2/20,江西,934,719,1,0,37,0,214,0
26/2/20,江西,934,754,1,0,35,0,179,0
27/2/20,江西,935,790,1,1,36,0,144,0.005586592
21/1/20,辽宁,2,0,0,0,0,0,2,0
22/1/20,辽宁,3,0,0,1,0,0,3,0.5
23/1/20,辽宁,4,0,0,1,0,0,4,0.333333333
24/1/20,辽宁,16,0,0,12,0,0,16,3
25/1/20,辽宁,19,0,0,3,0,0,19,0.1875
26/1/20,辽宁,27,0,0,8,0,0,27,0.421052632
27/1/20,辽宁,34,0,0,7,0,0,34,0.259259259
28/1/20,辽宁,39,1,0,5,1,0,38,0.147058824
29/1/20,辽宁,41,1,0,2,0,0,40,0.052631579
30/1/20,辽宁,48,1,0,7,0,0,47,0.175
31/1/20,辽宁,64,1,0,16,0,0,63,0.340425532
1/2/20,辽宁,70,1,0,6,0,0,69,0.095238095
2/2/20,辽宁,73,1,0,3,0,0,72,0.043478261
3/2/20,辽宁,74,1,0,1,0,0,73,0.013888889
4/2/20,辽宁,81,2,0,7,1,0,79,0.095890411
5/2/20,辽宁,89,4,0,8,2,0,85,0.101265823
6/2/20,辽宁,96,7,0,7,3,0,89,0.082352941
7/2/20,辽宁,99,7,0,3,0,0,92,0.033707865
8/2/20,辽宁,105,8,0,6,1,0,97,0.065217391
9/2/20,辽宁,108,13,0,3,5,0,95,0.030927835
10/2/20,辽宁,111,18,0,3,5,0,93,0.031578947
11/2/20,辽宁,116,19,0,5,1,0,97,0.053763441
12/2/20,辽宁,116,20,1,0,1,1,95,0
13/2/20,辽宁,117,24,1,1,4,0,92,0.010526316
14/2/20,辽宁,119,29,1,2,5,0,89,0.02173913
15/2/20,辽宁,120,32,1,1,3,0,87,0.011235955
16/2/20,辽宁,121,41,1,1,9,0,79,0.011494253
17/2/20,辽宁,121,43,1,0,2,0,77,0
18/2/20,辽宁,121,55,1,0,12,0,65,0
19/2/20,辽宁,121,58,1,0,3,0,62,0
20/2/20,辽宁,121,61,1,0,3,0,59,0
21/2/20,辽宁,121,66,1,0,5,0,54,0
22/2/20,辽宁,121,68,1,0,2,0,52,0
23/2/20,辽宁,121,73,1,0,5,0,47,0
24/2/20,辽宁,121,83,1,0,10,0,37,0
25/2/20,辽宁,121,88,1,0,5,0,32,0
26/2/20,辽宁,121,92,1,0,4,0,28,0
27/2/20,辽宁,121,93,1,0,1,0,27,0
21/1/20,内蒙古,0,0,0,0,0,0,0,0
22/1/20,内蒙古,0,0,0,0,0,0,0,0
23/1/20,内蒙古,2,0,0,2,0,0,2,0
24/1/20,内蒙古,7,0,0,5,0,0,7,2.5
25/1/20,内蒙古,7,0,0,0,0,0,7,0
26/1/20,内蒙古,11,0,0,4,0,0,11,0.571428571
27/1/20,内蒙古,15,0,0,4,0,0,15,0.363636364
28/1/20,内蒙古,16,0,0,1,0,0,16,0.066666667
29/1/20,内蒙古,18,0,0,2,0,0,18,0.125
30/1/20,内蒙古,20,1,0,2,1,0,19,0.111111111
31/1/20,内蒙古,23,1,0,3,0,0,22,0.157894737
1/2/20,内蒙古,27,1,0,4,0,0,26,0.181818182
2/2/20,内蒙古,34,1,0,7,0,0,33,0.269230769
3/2/20,内蒙古,34,1,0,0,0,0,33,0
4/2/20,内蒙古,42,1,0,8,0,0,41,0.242424242
5/2/20,内蒙古,46,4,0,4,3,0,42,0.097560976
6/2/20,内蒙古,50,4,0,4,0,0,46,0.095238095
7/2/20,内蒙古,52,5,0,2,1,0,47,0.043478261
8/2/20,内蒙古,54,5,0,2,0,0,49,0.042553191
9/2/20,内蒙古,58,5,0,4,0,0,53,0.081632653
10/2/20,内蒙古,58,5,0,0,0,0,53,0
11/2/20,内蒙古,60,5,0,2,0,0,55,0.037735849
12/2/20,内蒙古,61,6,0,1,1,0,55,0.018181818
13/2/20,内蒙古,65,6,0,4,0,0,59,0.072727273
14/2/20,内蒙古,68,6,0,3,0,0,62,0.050847458
15/2/20,内蒙古,70,7,0,2,1,0,63,0.032258065
16/2/20,内蒙古,72,8,0,2,1,0,64,0.031746032
17/2/20,内蒙古,73,8,0,1,0,0,65,0.015625
18/2/20,内蒙古,75,9,0,2,1,0,66,0.030769231
19/2/20,内蒙古,75,11,0,0,2,0,64,0
20/2/20,内蒙古,75,16,0,0,5,0,59,0
21/2/20,内蒙古,75,22,0,0,6,0,53,0
22/2/20,内蒙古,75,26,0,0,4,0,49,0
23/2/20,内蒙古,75,30,0,0,4,0,45,0
24/2/20,内蒙古,75,34,0,0,4,0,41,0
25/2/20,内蒙古,75,35,0,0,1,0,40,0
26/2/20,内蒙古,75,38,0,0,3,0,37,0
27/2/20,内蒙古,75,43,0,0,5,0,32,0
21/1/20,宁夏,1,0,0,0,0,0,1,0
22/1/20,宁夏,1,0,0,0,0,0,1,0
23/1/20,宁夏,2,0,0,1,0,0,2,1
24/1/20,宁夏,3,0,0,1,0,0,3,0.5
25/1/20,宁夏,4,0,0,1,0,0,4,0.333333333
26/1/20,宁夏,7,0,0,3,0,0,7,0.75
27/1/20,宁夏,11,0,0,4,0,0,11,0.571428571
28/1/20,宁夏,12,0,0,1,0,0,12,0.090909091
29/1/20,宁夏,17,0,0,5,0,0,17,0.416666667
30/1/20,宁夏,21,0,0,4,0,0,21,0.235294118
31/1/20,宁夏,26,0,0,5,0,0,26,0.238095238
1/2/20,宁夏,28,0,0,2,0,0,28,0.076923077
2/2/20,宁夏,31,1,0,3,1,0,30,0.107142857
3/2/20,宁夏,34,1,0,3,0,0,33,0.1
4/2/20,宁夏,34,1,0,0,0,0,33,0
5/2/20,宁夏,40,1,0,6,0,0,39,0.181818182
6/2/20,宁夏,43,5,0,3,4,0,38,0.076923077
7/2/20,宁夏,45,5,0,2,0,0,40,0.052631579
8/2/20,宁夏,45,13,0,0,8,0,32,0
9/2/20,宁夏,49,13,0,4,0,0,36,0.125
10/2/20,宁夏,53,14,0,4,1,0,39,0.111111111
11/2/20,宁夏,58,22,0,5,8,0,36,0.128205128
12/2/20,宁夏,64,24,0,6,2,0,40,0.166666667
13/2/20,宁夏,67,24,0,3,0,0,43,0.075
14/2/20,宁夏,70,27,0,3,3,0,43,0.069767442
15/2/20,宁夏,70,33,0,0,6,0,37,0
16/2/20,宁夏,70,33,0,0,0,0,37,0
17/2/20,宁夏,70,35,0,0,2,0,35,0
18/2/20,宁夏,71,42,0,1,7,0,29,0.028571429
19/2/20,宁夏,71,42,0,0,0,0,29,0
20/2/20,宁夏,71,44,0,0,2,0,27,0
21/2/20,宁夏,71,48,0,0,4,0,23,0
22/2/20,宁夏,71,48,0,0,0,0,23,0
23/2/20,宁夏,71,57,0,0,9,0,14,0
24/2/20,宁夏,71,58,0,0,1,0,13,0
25/2/20,宁夏,71,61,0,0,3,0,10,0
26/2/20,宁夏,72,65,0,1,4,0,7,0.1
27/2/20,宁夏,72,68,0,0,3,0,4,0
21/1/20,青海,0,0,0,0,0,0,0,0
22/1/20,青海,0,0,0,0,0,0,0,0
23/1/20,青海,0,0,0,0,0,0,0,0
24/1/20,青海,1,0,0,1,0,0,1,0
25/1/20,青海,1,0,0,0,0,0,1,0
26/1/20,青海,6,0,0,5,0,0,6,5
27/1/20,青海,6,0,0,0,0,0,6,0
28/1/20,青海,7,0,0,1,0,0,7,0.166666667
29/1/20,青海,8,0,0,1,0,0,8,0.142857143
30/1/20,青海,8,0,0,0,0,0,8,0
31/1/20,青海,9,0,0,1,0,0,9,0.125
1/2/20,青海,11,0,0,2,0,0,11,0.222222222
2/2/20,青海,13,0,0,2,0,0,13,0.181818182
3/2/20,青海,15,0,0,2,0,0,15,0.153846154
4/2/20,青海,17,0,0,2,0,0,17,0.133333333
5/2/20,青海,18,3,0,1,3,0,15,0.058823529
6/2/20,青海,18,3,0,0,0,0,15,0
7/2/20,青海,18,3,0,0,0,0,15,0
8/2/20,青海,18,3,0,0,0,0,15,0
9/2/20,青海,18,3,0,0,0,0,15,0
10/2/20,青海,18,3,0,0,0,0,15,0
11/2/20,青海,18,5,0,0,2,0,13,0
12/2/20,青海,18,9,0,0,4,0,9,0
13/2/20,青海,18,11,0,0,2,0,7,0
14/2/20,青海,18,11,0,0,0,0,7,0
15/2/20,青海,18,13,0,0,2,0,5,0
16/2/20,青海,18,13,0,0,0,0,5,0
17/2/20,青海,18,13,0,0,0,0,5,0
18/2/20,青海,18,15,0,0,2,0,3,0
19/2/20,青海,18,16,0,0,1,0,2,0
20/2/20,青海,18,16,0,0,0,0,2,0
21/2/20,青海,18,18,0,0,2,0,0,0
22/2/20,青海,18,18,0,0,0,0,0,0
23/2/20,青海,18,18,0,0,0,0,0,0
24/2/20,青海,18,18,0,0,0,0,0,0
25/2/20,青海,18,18,0,0,0,0,0,0
26/2/20,青海,18,18,0,0,0,0,0,0
27/2/20,青海,18,18,0,0,0,0,0,0
21/1/20,山东,2,0,0,0,0,0,2,0
22/1/20,山东,6,0,0,4,0,0,6,2
23/1/20,山东,15,0,0,9,0,0,15,1.5
24/1/20,山东,27,0,0,12,0,0,27,0.8
25/1/20,山东,39,0,0,12,0,0,39,0.444444444
26/1/20,山东,75,1,0,36,1,0,74,0.923076923
27/1/20,山东,95,1,0,20,0,0,94,0.27027027
28/1/20,山东,130,1,0,35,0,0,129,0.372340426
29/1/20,山东,158,1,0,28,0,0,157,0.217054264
30/1/20,山东,184,2,0,26,1,0,182,0.165605096
31/1/20,山东,206,3,0,22,1,0,203,0.120879121
1/2/20,山东,230,5,0,24,2,0,225,0.118226601
2/2/20,山东,259,7,0,29,2,0,252,0.128888889
3/2/20,山东,270,7,0,11,0,0,263,0.043650794
4/2/20,山东,298,13,0,28,6,0,285,0.106463878
5/2/20,山东,343,18,0,45,5,0,325,0.157894737
6/2/20,山东,379,37,0,36,19,0,342,0.110769231
7/2/20,山东,407,38,0,28,1,0,369,0.081871345
8/2/20,山东,435,50,1,28,12,1,384,0.075880759
9/2/20,山东,459,63,1,24,13,0,395,0.0625
10/2/20,山东,487,75,1,28,12,0,411,0.070886076
11/2/20,山东,497,80,1,10,5,0,416,0.0243309
12/2/20,山东,506,98,2,9,18,1,406,0.021634615
13/2/20,山东,519,111,2,13,13,0,406,0.032019704
14/2/20,山东,530,139,2,11,28,0,389,0.027093596
15/2/20,山东,537,164,2,7,25,0,371,0.017994859
16/2/20,山东,541,175,2,4,11,0,364,0.010781671
17/2/20,山东,543,193,2,2,18,0,348,0.005494505
18/2/20,山东,544,215,3,1,22,1,326,0.002873563
19/2/20,山东,546,238,4,2,23,1,304,0.006134969
20/2/20,山东,748,270,4,202,32,0,474,0.664473684
21/2/20,山东,750,293,4,2,23,0,453,0.004219409
22/2/20,山东,754,311,4,4,18,0,439,0.008830022
23/2/20,山东,755,325,4,1,14,0,426,0.002277904
24/2/20,山东,755,343,6,0,18,2,406,0
25/2/20,山东,756,357,6,1,14,0,393,0.002463054
26/2/20,山东,756,381,6,0,24,0,369,0
27/2/20,山东,756,390,6,0,9,0,360,0
21/1/20,山西,1,0,0,0,0,0,1,0
22/1/20,山西,1,0,0,0,0,0,1,0
23/1/20,山西,1,0,0,0,0,0,1,0
24/1/20,山西,6,0,0,5,0,0,6,5
25/1/20,山西,9,0,0,3,0,0,9,0.5
26/1/20,山西,13,0,0,4,0,0,13,0.444444444
27/1/20,山西,20,0,0,7,0,0,20,0.538461538
28/1/20,山西,27,1,0,7,1,0,26,0.35
29/1/20,山西,35,1,0,8,0,0,34,0.307692308
30/1/20,山西,39,1,0,4,0,0,38,0.117647059
31/1/20,山西,47,1,0,8,0,0,46,0.210526316
1/2/20,山西,56,2,0,9,1,0,54,0.195652174
2/2/20,山西,66,2,0,10,0,0,64,0.185185185
3/2/20,山西,74,2,0,8,0,0,72,0.125
4/2/20,山西,81,4,0,7,2,0,77,0.097222222
5/2/20,山西,90,6,0,9,2,0,84,0.116883117
6/2/20,山西,96,15,0,6,9,0,81,0.071428571
7/2/20,山西,104,15,0,8,0,0,89,0.098765432
8/2/20,山西,115,21,0,11,6,0,94,0.123595506
9/2/20,山西,119,25,0,4,4,0,94,0.042553191
10/2/20,山西,122,26,0,3,1,0,96,0.031914894
11/2/20,山西,124,30,0,2,4,0,94,0.020833333
12/2/20,山西,126,33,0,2,3,0,93,0.021276596
13/2/20,山西,126,36,0,0,3,0,90,0
14/2/20,山西,127,38,0,1,2,0,89,0.011111111
15/2/20,山西,128,46,0,1,8,0,82,0.011235955
16/2/20,山西,129,50,0,1,4,0,79,0.012195122
17/2/20,山西,130,53,0,1,3,0,77,0.012658228
18/2/20,山西,131,61,0,1,8,0,70,0.012987013
19/2/20,山西,131,68,0,0,7,0,63,0
20/2/20,山西,132,76,0,1,8,0,56,0.015873016
21/2/20,山西,132,78,0,0,2,0,54,0
22/2/20,山西,132,81,0,0,3,0,51,0
23/2/20,山西,132,88,0,0,7,0,44,0
24/2/20,山西,133,94,0,1,6,0,39,0.022727273
25/2/20,山西,133,98,0,0,4,0,35,0
26/2/20,山西,133,104,0,0,6,0,29,0
27/2/20,山西,133,107,0,0,3,0,26,0
21/1/20,陕西,0,0,0,0,0,0,0,0
22/1/20,陕西,3,0,0,3,0,0,3,0
23/1/20,陕西,5,0,0,2,0,0,5,0.666666667
24/1/20,陕西,15,0,0,10,0,0,15,2
25/1/20,陕西,22,0,0,7,0,0,22,0.466666667
26/1/20,陕西,35,0,0,13,0,0,35,0.590909091
27/1/20,陕西,46,0,0,11,0,0,46,0.314285714
28/1/20,陕西,56,0,0,10,0,0,56,0.217391304
29/1/20,陕西,63,0,0,7,0,0,63,0.125
30/1/20,陕西,87,0,0,24,0,0,87,0.380952381
31/1/20,陕西,101,0,0,14,0,0,101,0.16091954
1/2/20,陕西,116,0,0,15,0,0,116,0.148514851
2/2/20,陕西,128,0,0,12,0,0,128,0.103448276
3/2/20,陕西,142,1,0,14,1,0,141,0.109375
4/2/20,陕西,165,2,0,23,1,0,163,0.163120567
5/2/20,陕西,173,6,0,8,4,0,167,0.049079755
6/2/20,陕西,184,11,0,11,5,0,173,0.065868263
7/2/20,陕西,195,17,0,11,6,0,178,0.063583815
8/2/20,陕西,208,20,0,13,3,0,188,0.073033708
9/2/20,陕西,213,26,0,5,6,0,187,0.026595745
10/2/20,陕西,219,31,0,6,5,0,188,0.032085561
11/2/20,陕西,225,36,0,6,5,0,189,0.031914894
12/2/20,陕西,229,42,0,4,6,0,187,0.021164021
13/2/20,陕西,230,49,0,1,7,0,181,0.005347594
14/2/20,陕西,232,53,0,2,4,0,179,0.011049724
15/2/20,陕西,236,64,0,4,11,0,172,0.022346369
16/2/20,陕西,240,74,0,4,10,0,166,0.023255814
17/2/20,陕西,240,79,0,0,5,0,161,0
18/2/20,陕西,242,89,0,2,10,0,153,0.01242236
19/2/20,陕西,245,105,1,3,16,1,139,0.019607843
20/2/20,陕西,245,117,1,0,12,0,127,0
21/2/20,陕西,245,140,1,0,23,0,104,0
22/2/20,陕西,245,153,1,0,13,0,91,0
23/2/20,陕西,245,162,1,0,9,0,82,0
24/2/20,陕西,245,175,1,0,13,0,69,0
25/2/20,陕西,245,186,1,0,11,0,58,0
26/2/20,陕西,245,194,1,0,8,0,50,0
27/2/20,陕西,245,197,1,0,3,0,47,0
21/1/20,上海,9,0,0,0,0,0,9,0
22/1/20,上海,16,0,0,7,0,0,16,0.777777778
23/1/20,上海,20,1,0,4,1,0,19,0.25
24/1/20,上海,33,1,0,13,0,0,32,0.684210526
25/1/20,上海,40,1,1,7,0,1,38,0.21875
26/1/20,上海,53,3,1,13,2,0,49,0.342105263
27/1/20,上海,66,4,1,13,1,0,61,0.265306122
28/1/20,上海,96,5,1,30,1,0,90,0.491803279
29/1/20,上海,112,5,1,16,0,0,106,0.177777778
30/1/20,上海,135,9,1,23,4,0,125,0.216981132
31/1/20,上海,169,10,1,34,1,0,158,0.272
1/2/20,上海,182,10,1,13,0,0,171,0.082278481
2/2/20,上海,203,10,1,21,0,0,192,0.122807018
3/2/20,上海,208,10,1,5,0,0,197,0.026041667
4/2/20,上海,233,12,1,25,2,0,220,0.126903553
5/2/20,上海,254,15,1,21,3,0,238,0.095454545
6/2/20,上海,277,30,1,23,15,0,246,0.096638655
7/2/20,上海,281,30,1,4,0,0,250,0.016260163
8/2/20,上海,292,44,1,11,14,0,247,0.044
9/2/20,上海,299,48,1,7,4,0,250,0.028340081
10/2/20,上海,303,53,1,4,5,0,249,0.016
11/2/20,上海,306,57,1,3,4,0,248,0.012048193
12/2/20,上海,313,57,1,7,0,0,255,0.028225806
13/2/20,上海,318,62,1,5,5,0,255,0.019607843
14/2/20,上海,326,90,1,8,28,0,235,0.031372549
15/2/20,上海,328,124,1,2,34,0,203,0.008510638
16/2/20,上海,331,140,1,3,16,0,190,0.014778325
17/2/20,上海,333,161,1,2,21,0,171,0.010526316
18/2/20,上海,333,177,1,0,16,0,155,0
19/2/20,上海,333,186,2,0,9,1,145,0
20/2/20,上海,334,199,2,1,13,0,133,0.006896552
21/2/20,上海,334,211,3,0,12,1,120,0
22/2/20,上海,335,227,3,1,16,0,105,0.008333333
23/2/20,上海,335,249,3,0,22,0,83,0
24/2/20,上海,335,261,3,0,12,0,71,0
25/2/20,上海,336,268,3,1,7,0,65,0.014084507
26/2/20,上海,337,272,3,1,4,0,62,0.015384615
27/2/20,上海,337,276,3,0,4,0,58,0
21/1/20,四川,5,0,0,0,0,0,5,0
22/1/20,四川,8,0,0,3,0,0,8,0.6
23/1/20,四川,15,0,0,7,0,0,15,0.875
24/1/20,四川,28,0,0,13,0,0,28,0.866666667
25/1/20,四川,44,0,0,16,0,0,44,0.571428571
26/1/20,四川,69,0,0,25,0,0,69,0.568181818
27/1/20,四川,90,0,0,21,0,0,90,0.304347826
28/1/20,四川,108,1,0,18,1,0,107,0.2
29/1/20,四川,142,1,1,34,0,1,140,0.317757009
30/1/20,四川,177,1,1,35,0,0,175,0.25
31/1/20,四川,207,3,1,30,2,0,203,0.171428571
1/2/20,四川,231,9,1,24,6,0,221,0.118226601
2/2/20,四川,254,13,1,23,4,0,240,0.104072398
3/2/20,四川,282,14,1,28,1,0,267,0.116666667
4/2/20,四川,301,23,1,19,9,0,277,0.071161049
5/2/20,四川,321,27,1,20,4,0,293,0.072202166
6/2/20,四川,344,37,1,23,10,0,306,0.078498294
7/2/20,四川,363,50,1,19,13,0,312,0.062091503
8/2/20,四川,386,62,1,23,12,0,323,0.073717949
9/2/20,四川,405,80,1,19,18,0,324,0.058823529
10/2/20,四川,417,82,1,12,2,0,334,0.037037037
11/2/20,四川,436,85,1,19,3,0,350,0.056886228
12/2/20,四川,451,93,1,15,8,0,357,0.042857143
13/2/20,四川,463,105,1,12,12,0,357,0.033613445
14/2/20,四川,470,115,1,7,10,0,354,0.019607843
15/2/20,四川,481,127,3,11,12,2,351,0.031073446
16/2/20,四川,495,136,3,14,9,0,356,0.03988604
17/2/20,四川,508,163,3,13,27,0,342,0.036516854
18/2/20,四川,514,177,3,6,14,0,334,0.01754386
19/2/20,四川,520,198,3,6,21,0,319,0.017964072
20/2/20,四川,525,222,3,5,24,0,300,0.015673981
21/2/20,四川,526,242,3,1,20,0,281,0.003333333
22/2/20,四川,526,256,3,0,14,0,267,0
23/2/20,四川,527,263,3,1,7,0,261,0.003745318
24/2/20,四川,529,278,3,2,15,0,248,0.007662835
25/2/20,四川,531,292,3,2,14,0,236,0.008064516
26/2/20,四川,534,310,3,3,18,0,221,0.012711864
27/2/20,四川,538,326,3,4,16,0,209,0.018099548
21/1/20,台湾,1,0,0,0,0,0,1,0
22/1/20,台湾,1,0,0,0,0,0,1,0
23/1/20,台湾,1,0,0,0,0,0,1,0
24/1/20,台湾,3,0,0,2,0,0,3,2
25/1/20,台湾,3,0,0,0,0,0,3,0
26/1/20,台湾,5,0,0,2,0,0,5,0.666666667
27/1/20,台湾,8,0,0,3,0,0,8,0.6
28/1/20,台湾,8,0,0,0,0,0,8,0
29/1/20,台湾,9,0,0,1,0,0,9,0.125
30/1/20,台湾,10,0,0,1,0,0,10,0.111111111
31/1/20,台湾,10,0,0,0,0,0,10,0
1/2/20,台湾,10,0,0,0,0,0,10,0
2/2/20,台湾,10,0,0,0,0,0,10,0
3/2/20,台湾,10,0,0,0,0,0,10,0
4/2/20,台湾,11,0,0,1,0,0,11,0.1
5/2/20,台湾,11,0,0,0,0,0,11,0
6/2/20,台湾,16,1,0,5,1,0,15,0.454545455
7/2/20,台湾,17,1,0,1,0,0,16,0.066666667
8/2/20,台湾,17,1,0,0,0,0,16,0
9/2/20,台湾,18,1,0,1,0,0,17,0.0625
10/2/20,台湾,18,1,0,0,0,0,17,0
11/2/20,台湾,18,1,0,0,0,0,17,0
12/2/20,台湾,18,1,0,0,0,0,17,0
13/2/20,台湾,18,1,0,0,0,0,17,0
14/2/20,台湾,18,1,0,0,0,0,17,0
15/2/20,台湾,18,1,0,0,0,0,17,0
16/2/20,台湾,20,2,1,2,1,1,17,0.117647059
17/2/20,台湾,22,2,1,2,0,0,19,0.117647059
18/2/20,台湾,22,2,1,0,0,0,19,0
19/2/20,台湾,24,2,1,2,0,0,21,0.105263158
20/2/20,台湾,24,2,1,0,0,0,21,0
21/2/20,台湾,26,2,1,2,0,0,23,0.095238095
22/2/20,台湾,26,2,1,0,0,0,23,0
23/2/20,台湾,28,5,1,2,3,0,22,0.086956522
24/2/20,台湾,30,5,1,2,0,0,24,0.090909091
25/2/20,台湾,31,5,1,1,0,0,25,0.041666667
26/2/20,台湾,32,5,1,1,0,0,26,0.04
27/2/20,台湾,32,6,1,0,1,0,25,0
21/1/20,天津,4,0,0,0,0,0,4,0
22/1/20,天津,4,0,0,0,0,0,4,0
23/1/20,天津,8,0,0,4,0,0,8,1
24/1/20,天津,10,0,0,2,0,0,10,0.25
25/1/20,天津,13,0,0,3,0,0,13,0.3
26/1/20,天津,22,0,0,9,0,0,22,0.692307692
27/1/20,天津,23,0,0,1,0,0,23,0.045454545
28/1/20,天津,24,0,0,1,0,0,24,0.043478261
29/1/20,天津,27,0,0,3,0,0,27,0.125
30/1/20,天津,31,0,0,4,0,0,31,0.148148148
31/1/20,天津,32,0,0,1,0,0,32,0.032258065
1/2/20,天津,41,0,0,9,0,0,41,0.28125
2/2/20,天津,48,1,0,7,1,0,47,0.170731707
3/2/20,天津,60,1,0,12,0,0,59,0.255319149
4/2/20,天津,67,2,0,7,1,0,65,0.118644068
5/2/20,天津,69,2,1,2,0,1,66,0.030769231
6/2/20,天津,79,2,1,10,0,0,76,0.151515152
7/2/20,天津,81,2,1,2,0,0,78,0.026315789
8/2/20,天津,88,4,1,7,2,0,83,0.08974359
9/2/20,天津,94,8,1,6,4,0,85,0.072289157
10/2/20,天津,95,8,2,1,0,1,85,0.011764706
11/2/20,天津,106,10,2,11,2,0,94,0.129411765
12/2/20,天津,112,11,2,6,1,0,99,0.063829787
13/2/20,天津,119,21,3,7,10,1,95,0.070707071
14/2/20,天津,121,32,3,2,11,0,86,0.021052632
15/2/20,天津,122,37,3,1,5,0,82,0.011627907
16/2/20,天津,124,45,3,2,8,0,76,0.024390244
17/2/20,天津,125,46,3,1,1,0,76,0.013157895
18/2/20,天津,128,48,3,3,2,0,77,0.039473684
19/2/20,天津,130,54,3,2,6,0,73,0.025974026
20/2/20,天津,131,59,3,1,5,0,69,0.01369863
21/2/20,天津,133,64,3,2,5,0,66,0.028985507
22/2/20,天津,135,65,3,2,1,0,67,0.03030303
23/2/20,天津,135,81,3,0,16,0,51,0
24/2/20,天津,135,87,3,0,6,0,45,0
25/2/20,天津,135,91,3,0,4,0,41,0
26/2/20,天津,135,96,3,0,5,0,36,0
27/2/20,天津,136,102,3,1,6,0,31,0.027777778
21/1/20,西藏,0,0,0,0,0,0,0,0
22/1/20,西藏,0,0,0,0,0,0,0,0
23/1/20,西藏,0,0,0,0,0,0,0,0
24/1/20,西藏,0,0,0,0,0,0,0,0
25/1/20,西藏,0,0,0,0,0,0,0,0
26/1/20,西藏,0,0,0,0,0,0,0,0
27/1/20,西藏,0,0,0,0,0,0,0,0
28/1/20,西藏,0,0,0,0,0,0,0,0
29/1/20,西藏,1,0,0,1,0,0,1,0
30/1/20,西藏,1,0,0,0,0,0,1,0
31/1/20,西藏,1,0,0,0,0,0,1,0
1/2/20,西藏,1,0,0,0,0,0,1,0
2/2/20,西藏,1,0,0,0,0,0,1,0
3/2/20,西藏,1,0,0,0,0,0,1,0
4/2/20,西藏,1,0,0,0,0,0,1,0
5/2/20,西藏,1,0,0,0,0,0,1,0
6/2/20,西藏,1,0,0,0,0,0,1,0
7/2/20,西藏,1,0,0,0,0,0,1,0
8/2/20,西藏,1,0,0,0,0,0,1,0
9/2/20,西藏,1,0,0,0,0,0,1,0
10/2/20,西藏,1,0,0,0,0,0,1,0
11/2/20,西藏,1,0,0,0,0,0,1,0
12/2/20,西藏,1,1,0,0,1,0,0,0
13/2/20,西藏,1,1,0,0,0,0,0,0
14/2/20,西藏,1,1,0,0,0,0,0,0
15/2/20,西藏,1,1,0,0,0,0,0,0
16/2/20,西藏,1,1,0,0,0,0,0,0
17/2/20,西藏,1,1,0,0,0,0,0,0
18/2/20,西藏,1,1,0,0,0,0,0,0
19/2/20,西藏,1,1,0,0,0,0,0,0
20/2/20,西藏,1,1,0,0,0,0,0,0
21/2/20,西藏,1,1,0,0,0,0,0,0
22/2/20,西藏,1,1,0,0,0,0,0,0
23/2/20,西藏,1,1,0,0,0,0,0,0
24/2/20,西藏,1,1,0,0,0,0,0,0
25/2/20,西藏,1,1,0,0,0,0,0,0
26/2/20,西藏,1,1,0,0,0,0,0,0
27/2/20,西藏,1,1,0,0,0,0,0,0
21/1/20,香港,0,0,0,0,0,0,0,0
22/1/20,香港,2,0,0,2,0,0,2,0
23/1/20,香港,2,0,0,0,0,0,2,0
24/1/20,香港,5,0,0,3,0,0,5,1.5
25/1/20,香港,5,0,0,0,0,0,5,0
26/1/20,香港,8,0,0,3,0,0,8,0.6
27/1/20,香港,8,0,0,0,0,0,8,0
28/1/20,香港,10,0,0,2,0,0,10,0.25
29/1/20,香港,10,0,0,0,0,0,10,0
30/1/20,香港,12,0,0,2,0,0,12,0.2
31/1/20,香港,13,0,0,1,0,0,13,0.083333333
1/2/20,香港,14,0,0,1,0,0,14,0.076923077
2/2/20,香港,15,0,0,1,0,0,15,0.071428571
3/2/20,香港,15,0,0,0,0,0,15,0
4/2/20,香港,18,0,1,3,0,1,17,0.2
5/2/20,香港,21,0,1,3,0,0,20,0.176470588
6/2/20,香港,25,0,1,4,0,0,24,0.2
7/2/20,香港,26,0,1,1,0,0,25,0.041666667
8/2/20,香港,26,0,1,0,0,0,25,0
9/2/20,香港,38,0,1,12,0,0,37,0.48
10/2/20,香港,49,0,1,11,0,0,48,0.297297297
11/2/20,香港,49,0,1,0,0,0,48,0
12/2/20,香港,50,1,1,1,1,0,48,0.020833333
13/2/20,香港,53,1,1,3,0,0,51,0.0625
14/2/20,香港,56,1,1,3,0,0,54,0.058823529
15/2/20,香港,56,1,1,0,0,0,54,0
16/2/20,香港,57,2,1,1,1,0,54,0.018518519
17/2/20,香港,60,2,1,3,0,0,57,0.055555556
18/2/20,香港,62,4,1,2,2,0,57,0.035087719
19/2/20,香港,65,5,2,3,1,1,58,0.052631579
20/2/20,香港,68,5,2,3,0,0,61,0.051724138
21/2/20,香港,68,6,2,0,1,0,60,0
22/2/20,香港,69,11,2,1,5,0,56,0.016666667
23/2/20,香港,74,12,2,5,1,0,60,0.089285714
24/2/20,香港,81,18,2,7,6,0,61,0.116666667
25/2/20,香港,85,18,2,4,0,0,65,0.06557377
26/2/20,香港,91,24,2,6,6,0,65,0.092307692
27/2/20,香港,93,26,2,2,2,0,65,0.030769231
21/1/20,新疆,0,0,0,0,0,0,0,0
22/1/20,新疆,2,0,0,2,0,0,2,0
23/1/20,新疆,2,0,0,0,0,0,2,0
24/1/20,新疆,3,0,0,1,0,0,3,0.5
25/1/20,新疆,4,0,0,1,0,0,4,0.333333333
26/1/20,新疆,5,0,0,1,0,0,5,0.25
27/1/20,新疆,10,0,0,5,0,0,10,1
28/1/20,新疆,13,0,0,3,0,0,13,0.3
29/1/20,新疆,14,0,0,1,0,0,14,0.076923077
30/1/20,新疆,17,0,0,3,0,0,17,0.214285714
31/1/20,新疆,18,0,0,1,0,0,18,0.058823529
1/2/20,新疆,21,0,0,3,0,0,21,0.166666667
2/2/20,新疆,24,0,0,3,0,0,24,0.142857143
3/2/20,新疆,29,0,0,5,0,0,29,0.208333333
4/2/20,新疆,32,0,0,3,0,0,32,0.103448276
5/2/20,新疆,36,0,0,4,0,0,36,0.125
6/2/20,新疆,36,0,0,0,0,0,36,0
7/2/20,新疆,42,0,0,6,0,0,42,0.166666667
8/2/20,新疆,45,0,0,3,0,0,45,0.071428571
9/2/20,新疆,49,0,0,4,0,0,49,0.088888889
10/2/20,新疆,55,0,0,6,0,0,55,0.12244898
11/2/20,新疆,59,3,0,4,3,0,56,0.072727273
12/2/20,新疆,63,3,1,4,0,1,59,0.071428571
13/2/20,新疆,65,6,1,2,3,0,58,0.033898305
14/2/20,新疆,70,6,1,5,0,0,63,0.086206897
15/2/20,新疆,71,11,1,1,5,0,59,0.015873016
16/2/20,新疆,75,12,1,4,1,0,62,0.06779661
17/2/20,新疆,76,12,1,1,0,0,63,0.016129032
18/2/20,新疆,76,14,1,0,2,0,61,0
19/2/20,新疆,76,20,1,0,6,0,55,0
20/2/20,新疆,76,22,1,0,2,0,53,0
21/2/20,新疆,76,24,2,0,2,1,50,0
22/2/20,新疆,76,25,2,0,1,0,49,0
23/2/20,新疆,76,28,2,0,3,0,46,0
24/2/20,新疆,76,30,2,0,2,0,44,0
25/2/20,新疆,76,30,2,0,0,0,44,0
26/2/20,新疆,76,34,2,0,4,0,40,0
27/2/20,新疆,76,43,3,0,9,1,30,0
21/1/20,云南,1,0,0,0,0,0,1,0
22/1/20,云南,1,0,0,0,0,0,1,0
23/1/20,云南,5,0,0,4,0,0,5,4
24/1/20,云南,11,0,0,6,0,0,11,1.2
25/1/20,云南,11,0,0,0,0,0,11,0
26/1/20,云南,26,0,0,15,0,0,26,1.363636364
27/1/20,云南,44,0,0,18,0,0,44,0.692307692
28/1/20,云南,55,0,0,11,0,0,55,0.25
29/1/20,云南,70,0,0,15,0,0,70,0.272727273
30/1/20,云南,83,1,0,13,1,0,82,0.185714286
31/1/20,云南,91,2,0,8,1,0,89,0.097560976
1/2/20,云南,105,3,0,14,1,0,102,0.157303371
2/2/20,云南,114,5,0,9,2,0,109,0.088235294
3/2/20,云南,117,5,0,3,0,0,112,0.027522936
4/2/20,云南,122,5,0,5,0,0,117,0.044642857
5/2/20,云南,128,5,0,6,0,0,123,0.051282051
6/2/20,云南,136,12,0,8,7,0,124,0.06504065
7/2/20,云南,138,12,0,2,0,0,126,0.016129032
8/2/20,云南,140,17,0,2,5,0,123,0.015873016
9/2/20,云南,149,19,0,9,2,0,130,0.073170732
10/2/20,云南,153,20,0,4,1,0,133,0.030769231
11/2/20,云南,154,20,0,1,0,0,134,0.007518797
12/2/20,云南,155,23,0,1,3,0,132,0.007462687
13/2/20,云南,162,27,0,7,4,0,135,0.053030303
14/2/20,云南,168,35,0,6,8,0,133,0.044444444
15/2/20,云南,169,42,0,1,7,0,127,0.007518797
16/2/20,云南,171,42,0,2,0,0,129,0.015748031
17/2/20,云南,172,47,0,1,5,0,125,0.007751938
18/2/20,云南,172,57,0,0,10,0,115,0
19/2/20,云南,172,60,1,0,3,1,111,0
20/2/20,云南,174,79,2,2,19,1,93,0.018018018
21/2/20,云南,174,96,2,0,17,0,76,0
22/2/20,云南,174,107,2,0,11,0,65,0
23/2/20,云南,174,115,2,0,8,0,57,0
24/2/20,云南,174,124,2,0,9,0,48,0
25/2/20,云南,174,129,2,0,5,0,43,0
26/2/20,云南,174,144,2,0,15,0,28,0
27/2/20,云南,174,150,2,0,6,0,22,0
21/1/20,浙江,10,0,0,0,0,0,10,0
22/1/20,浙江,27,1,0,17,1,0,26,1.7
23/1/20,浙江,43,1,0,16,0,0,42,0.615384615
24/1/20,浙江,62,1,0,19,0,0,61,0.452380952
25/1/20,浙江,104,1,0,42,0,0,103,0.68852459
26/1/20,浙江,128,1,0,24,0,0,127,0.233009709
27/1/20,浙江,173,3,0,45,2,0,170,0.354330709
28/1/20,浙江,296,4,0,123,1,0,292,0.723529412
29/1/20,浙江,428,8,0,132,4,0,420,0.452054795
30/1/20,浙江,538,9,0,110,1,0,529,0.261904762
31/1/20,浙江,599,20,0,61,11,0,579,0.115311909
1/2/20,浙江,661,23,0,62,3,0,638,0.107081174
2/2/20,浙江,724,43,0,63,20,0,681,0.098746082
3/2/20,浙江,829,48,0,105,5,0,781,0.154185022
4/2/20,浙江,895,63,0,66,15,0,832,0.084507042
5/2/20,浙江,954,81,0,59,18,0,873,0.070913462
6/2/20,浙江,1006,122,0,52,41,0,884,0.059564719
7/2/20,浙江,1048,127,0,42,5,0,921,0.047511312
8/2/20,浙江,1075,185,0,27,58,0,890,0.029315961
9/2/20,浙江,1092,239,0,17,54,0,853,0.019101124
10/2/20,浙江,1117,250,0,25,11,0,867,0.029308324
11/2/20,浙江,1131,279,0,14,29,0,852,0.016147636
12/2/20,浙江,1145,327,0,14,48,0,818,0.016431925
13/2/20,浙江,1155,367,0,10,40,0,788,0.012224939
14/2/20,浙江,1162,409,0,7,42,0,753,0.008883249
15/2/20,浙江,1167,437,0,5,28,0,730,0.006640106
16/2/20,浙江,1171,470,0,4,33,0,701,0.005479452
17/2/20,浙江,1172,514,0,1,44,0,658,0.001426534
18/2/20,浙江,1173,544,0,1,30,0,629,0.001519757
19/2/20,浙江,1175,609,0,2,65,0,566,0.00317965
20/2/20,浙江,1203,647,1,28,38,1,555,0.049469965
21/2/20,浙江,1205,694,1,2,47,0,510,0.003603604
22/2/20,浙江,1205,729,1,0,35,0,475,0
23/2/20,浙江,1205,765,1,0,36,0,439,0
24/2/20,浙江,1205,794,1,0,29,0,410,0
25/2/20,浙江,1205,814,1,0,20,0,390,0
26/2/20,浙江,1205,881,1,0,67,0,323,0
27/2/20,浙江,1205,943,1,0,62,0,261,0
21/1/20,重庆,6,0,0,0,0,0,6,0
22/1/20,重庆,9,0,0,3,0,0,9,0.5
23/1/20,重庆,27,0,0,18,0,0,27,2
24/1/20,重庆,57,0,0,30,0,0,57,1.111111111
25/1/20,重庆,75,0,0,18,0,0,75,0.315789474
26/1/20,重庆,110,0,0,35,0,0,110,0.466666667
27/1/20,重庆,132,0,0,22,0,0,132,0.2
28/1/20,重庆,147,0,0,15,0,0,147,0.113636364
29/1/20,重庆,182,2,0,35,2,0,180,0.238095238
30/1/20,重庆,211,2,0,29,0,0,209,0.161111111
31/1/20,重庆,247,3,1,36,1,1,243,0.172248804
1/2/20,重庆,275,8,1,28,5,0,266,0.115226337
2/2/20,重庆,312,8,2,37,0,1,302,0.139097744
3/2/20,重庆,337,9,2,25,1,0,326,0.082781457
4/2/20,重庆,366,14,2,29,5,0,350,0.088957055
5/2/20,重庆,389,15,2,23,1,0,372,0.065714286
6/2/20,重庆,415,31,2,26,16,0,382,0.069892473
7/2/20,重庆,426,31,2,11,0,0,393,0.028795812
8/2/20,重庆,446,39,2,20,8,0,405,0.050890585
9/2/20,重庆,466,64,2,20,25,0,400,0.049382716
10/2/20,重庆,489,72,2,23,8,0,415,0.0575
11/2/20,重庆,505,79,3,16,7,1,423,0.038554217
12/2/20,重庆,518,102,3,13,23,0,413,0.030732861
13/2/20,重庆,529,128,4,11,26,1,397,0.026634383
14/2/20,重庆,537,152,5,8,24,1,380,0.020151134
15/2/20,重庆,544,184,5,7,32,0,355,0.018421053
16/2/20,重庆,551,207,5,7,23,0,339,0.01971831
17/2/20,重庆,553,225,5,2,18,0,323,0.005899705
18/2/20,重庆,555,254,5,2,29,0,296,0.00619195
19/2/20,重庆,560,274,5,5,20,0,281,0.016891892
20/2/20,重庆,567,299,6,7,25,1,262,0.024911032
21/2/20,重庆,572,316,6,5,17,0,250,0.019083969
22/2/20,重庆,573,328,6,1,12,0,239,0.004
23/2/20,重庆,575,335,6,2,7,0,234,0.008368201
24/2/20,重庆,576,349,6,1,14,0,221,0.004273504
25/2/20,重庆,576,372,6,0,23,0,198,0
26/2/20,重庆,576,384,6,0,12,0,186,0
27/2/20,重庆,576,401,6,0,17,0,169,0
21/1/20,总计,544,0,17,0,0,0,527,0
22/1/20,总计,639,0,17,95,0,0,622,0.180265655
23/1/20,总计,881,35,26,242,35,9,820,0.389067524
24/1/20,总计,1377,38,41,496,3,15,1298,0.604878049
25/1/20,总计,2005,48,56,628,10,15,1901,0.483821263
26/1/20,总计,2857,54,82,852,6,26,2721,0.448185166
27/1/20,总计,4630,68,106,1773,14,24,4456,0.651598677
28/1/20,总计,6096,112,132,1466,44,26,5852,0.328994614
29/1/20,总计,8149,139,171,2053,27,39,7839,0.350820232
30/1/20,总计,9812,183,213,1663,44,42,9416,0.212144406
31/1/20,总计,11899,258,259,2087,75,46,11382,0.22164401
1/2/20,总计,14490,361,304,2591,103,45,13825,0.227640134
2/2/20,总计,17339,512,361,2849,151,57,16466,0.206075949
3/2/20,总计,20420,634,425,3081,122,64,19361,0.187112839
4/2/20,总计,24295,893,491,3875,259,66,22911,0.200144621
5/2/20,总计,28025,1139,564,3730,246,73,26322,0.162803893
6/2/20,总计,31249,1682,637,3224,543,73,28930,0.122483094
7/2/20,总计,34622,2067,723,3373,385,86,31832,0.116591773
8/2/20,总计,37251,2714,813,2629,647,90,33724,0.082589847
9/2/20,总计,40247,3430,909,2996,716,96,35908,0.088838809
10/2/20,总计,42744,4045,1017,2497,615,108,37682,0.069538821
11/2/20,总计,44736,4763,1114,1992,718,97,38859,0.052863436
12/2/20,总计,58839,5686,1259,14103,923,145,51894,0.362927507
13/2/20,总计,63935,6763,1381,5096,1077,122,55791,0.098200177
14/2/20,总计,66577,8132,1524,2642,1369,143,56921,0.047355308
15/2/20,总计,68584,9459,1666,2007,1327,142,57459,0.035259395
16/2/20,总计,70636,10888,1772,2052,1429,106,57976,0.035712421
17/2/20,总计,72528,12630,1870,1892,1742,98,58028,0.032634193
18/2/20,总计,74277,14451,2006,1749,1821,136,57820,0.030140622
19/2/20,总计,75101,16244,2121,824,1793,115,56736,0.014251124
20/2/20,总计,75993,18345,2239,892,2101,118,55409,0.01572194
21/2/20,总计,76392,20729,2348,399,2384,109,53315,0.007200996
22/2/20,总计,76846,22936,2445,454,2207,97,51465,0.008515427
23/2/20,总计,77262,24802,2595,416,1866,150,49865,0.008083163
24/2/20,总计,77779,27388,2666,517,2586,71,47725,0.010367994
25/2/20,总计,78190,29813,2718,411,2425,52,45659,0.008611839
26/2/20,总计,78630,32583,2747,440,2770,29,43300,0.009636654
27/2/20,总计,78959,36184,2791,329,3601,44,39984,0.007598152